[{"model": "admin.logentry", "pk": 1, "fields": {"action_time": "2026-06-17T15:08:37.707Z", "user": 1, "content_type": 7, "object_id": "1", "object_repr": "ABC Company", "action_flag": 1, "change_message": "[{\"added\": {}}]"}}, {"model": "admin.logentry", "pk": 2, "fields": {"action_time": "2026-06-17T15:09:29.606Z", "user": 1, "content_type": 8, "object_id": "1", "object_repr": "Ecommerce Website", "action_flag": 1, "change_message": "[{\"added\": {}}]"}}, {"model": "auth.user", "pk": 1, "fields": {"password": "pbkdf2_sha256$1200000$MyZKzDh1vMdEgAaM4aZG1C$cm0nxFBN12fWHQJ2spHzV+0ztv4tSiZSEYGKEX+esig=", "last_login": "2026-06-17T15:05:13.115Z", "is_superuser": true, "username": "fazinpk", "first_name": "", "last_name": "", "email": "fazinpkm@gmail.com", "is_staff": true, "is_active": true, "date_joined": "2026-06-17T15:04:59.705Z", "groups": [], "user_permissions": []}}, {"model": "auth.user", "pk": 2, "fields": {"password": "pbkdf2_sha256$1200000$s5qOvZWytQUJdZPQNECOc4$4QLHWbT0n9TXoCCq9GVJg1Og43LJOTNzh7BGvv6VXZk=", "last_login": null, "is_superuser": false, "username": "John", "first_name": "", "last_name": "", "email": "john@gmail.com", "is_staff": false, "is_active": true, "date_joined": "2026-06-19T17:15:37.038Z", "groups": [], "user_permissions": []}}, {"model": "auth.user", "pk": 3, "fields": {"password": "pbkdf2_sha256$1200000$XyLg3EimE7ESZhh5KmjA2i$ESuJ5VyFjcQhT+RnRKZBzuN4fuo/Z6c31wJMeITjhCA=", "last_login": null, "is_superuser": false, "username": "sahal", "first_name": "", "last_name": "", "email": "sahal@gmail.com", "is_staff": false, "is_active": true, "date_joined": "2026-06-20T16:39:56.573Z", "groups": [], "user_permissions": []}}, {"model": "sessions.session", "pk": "vtoztam9v5ndelxn37oeqb1tj5pqur71", "fields": {"session_data": ".eJxVjEEOgjAUBe_y16ZpS1tblu45A3nl_wpqIKGwMt7dkLDQ7cxk3tRj38Z-r7L2E1NLhi6_LGN4ynwIfmC-L2pY5m2dsjoSddqquoXldTvbv8GIOlJLPoB9aCBaO8-SnMk5ZIdioylFmqQttLGAKxEpxRLYhlz8VQDjOdLnC-zEOFo:1wZrpJ:_CiS6vxFaRwoACZhkK7IT9DnI-h36Nvhzydz6j1mS_M", "expire_date": "2026-07-01T15:05:13.122Z"}}, {"model": "authtoken.token", "pk": "45496569307e5b6fc0b944be796461b04e0bb9de", "fields": {"user": 3, "created": "2026-06-20T16:40:21.150Z"}}, {"model": "authtoken.token", "pk": "4a99a83f6b4df15af9ff6142b45580b5c0b3f2da", "fields": {"user": 1, "created": "2026-06-20T14:38:46.152Z"}}, {"model": "authtoken.token", "pk": "c57727c82d267e5f928525e085a3a1b6ab410306", "fields": {"user": 2, "created": "2026-06-20T05:44:36.940Z"}}, {"model": "clients.client", "pk": 1, "fields": {"name": "ABC Company", "email": "abc@gmail.com", "phone": "9999999999", "created_by": 1}}, {"model": "clients.client", "pk": 2, "fields": {"name": "Tech Corp", "email": "tech@gmail.com", "phone": "1234567890", "created_by": 1}}, {"model": "clients.client", "pk": 3, "fields": {"name": "Google", "email": "google@gmail.com", "phone": "12767676", "created_by": 1}}, {"model": "clients.client", "pk": 4, "fields": {"name": "Microsoft", "email": "microsoft@gmail.com", "phone": "12767676", "created_by": 3}}, {"model": "clients.client", "pk": 5, "fields": {"name": "Microsoft", "email": "microsoft@gmail.com", "phone": "12767676", "created_by": 3}}, {"model": "clients.client", "pk": 6, "fields": {"name": "Microsoft", "email": "microsoft@gmail.com", "phone": "12767676", "created_by": 3}}, {"model": "clients.client", "pk": 7, "fields": {"name": "inksignature-updated", "email": "inksignature@gmail.com", "phone": "12767676", "created_by": 3}}, {"model": "clients.client", "pk": 8, "fields": {"name": "inksignature", "email": "inksignature@gmail.com", "phone": "12767676", "created_by": 3}}, {"model": "clients.client", "pk": 9, "fields": {"name": "fifa- update", "email": "fiffdfa@gmail.com", "phone": "674745101010", "created_by": 3}}, {"model": "projects.project", "pk": 1, "fields": {"title": "Ecommerce Website", "description": "React + Django Ecommerce Platform", "client": 1, "created_by": 1}}, {"model": "projects.project", "pk": 2, "fields": {"title": "Inventory Management", "description": "Internal work", "client": 1, "created_by": 1}}, {"model": "projects.project", "pk": 3, "fields": {"title": "Inventory Management", "description": "Internal work", "client": 2, "created_by": 1}}, {"model": "projects.project", "pk": 4, "fields": {"title": "Inventory Management", "description": "Internal work", "client": 2, "created_by": 1}}, {"model": "projects.project", "pk": 5, "fields": {"title": "Inventory Management", "description": "Internal work", "client": 2, "created_by": 1}}, {"model": "projects.project", "pk": 6, "fields": {"title": "AI Website", "description": "Related to ai", "client": 1, "created_by": 1}}, {"model": "projects.project", "pk": 7, "fields": {"title": "full stack app", "description": "create leates app", "client": 2, "created_by": 1}}, {"model": "projects.project", "pk": 8, "fields": {"title": "full stack app", "description": "create leates app", "client": 1, "created_by": 1}}, {"model": "projects.project", "pk": 9, "fields": {"title": "full stack app", "description": "create leates app", "client": 2, "created_by": 1}}, {"model": "projects.project", "pk": 10, "fields": {"title": "full stack app", "description": "create leates app", "client": 3, "created_by": 1}}, {"model": "tasks.task", "pk": 1, "fields": {"title": "Build Login API-updated", "description": "Create authentication endpoint", "status": "Completed", "priority": "Medium", "project": 1, "created_by": 1}}, {"model": "tasks.task", "pk": 3, "fields": {"title": "Create Dashboard", "description": "To view reports", "status": "Pending", "priority": "Medium", "project": 3, "created_by": 1}}, {"model": "tasks.task", "pk": 4, "fields": {"title": "research about wwwwthe feature -", "description": "To present ewewewew client", "status": "Completed", "priority": "1", "project": 3, "created_by": 1}}, {"model": "tasks.task", "pk": 5, "fields": {"title": "worldcup features", "description": "worldcup features install", "status": "Pending", "priority": "Medium", "project": 4, "created_by": 1}}, {"model": "tasks.task", "pk": 6, "fields": {"title": "worldcup features", "description": "worldcup features install", "status": "Pending", "priority": "Medium", "project": 4, "created_by": 1}}, {"model": "tasks.task", "pk": 7, "fields": {"title": "Design Dashboard UI", "description": "Create wireframes and final UI designs for the dashboard.", "status": "Pending", "priority": "1", "project": 1, "created_by": 1}}, {"model": "tasks.task", "pk": 8, "fields": {"title": "Implement Client API", "description": "Develop CRUD APIs for client management.", "status": "In Progress", "priority": "2", "project": 1, "created_by": 1}}, {"model": "tasks.task", "pk": 9, "fields": {"title": "Write Project Documentation", "description": "Prepare API and setup documentation for the project.", "status": "Pending", "priority": "3", "project": 3, "created_by": 1}}, {"model": "tasks.task", "pk": 10, "fields": {"title": "Setup CI/CD Pipeline", "description": "Configure automated testing and deployment workflow.", "status": "In Progress", "priority": "1", "project": 1, "created_by": 1}}, {"model": "tasks.task", "pk": 11, "fields": {"title": "Setup CI/CD Pipeline", "description": "Configure automated testing and deployment workflow.", "status": "In Progress", "priority": "1", "project": 1, "created_by": 1}}, {"model": "tasks.task", "pk": 12, "fields": {"title": "Setup CI/CD Pipeline", "description": "Configure automated testing and deployment workflow.", "status": "In Progress", "priority": "1", "project": 1, "created_by": 1}}, {"model": "tasks.task", "pk": 13, "fields": {"title": "Setup CI/CD Pipeline", "description": "Configure automated testing and deployment workflow.", "status": "In Progress", "priority": "1", "project": 1, "created_by": 1}}, {"model": "tasks.task", "pk": 14, "fields": {"title": "Setup CI/CD Pipeline", "description": "Configure automated testing and deployment workflow.", "status": "In Progress", "priority": "1", "project": 1, "created_by": 1}}, {"model": "tasks.task", "pk": 15, "fields": {"title": "Setup CI/CD Pipeline", "description": "Configure automated testing and deployment workflow.", "status": "In Progress", "priority": "1", "project": 1, "created_by": 1}}, {"model": "tasks.task", "pk": 16, "fields": {"title": "Setup CI/CD Pipeline", "description": "Configure automated testing and deployment workflow.", "status": "In Progress", "priority": "1", "project": 1, "created_by": 1}}, {"model": "tasks.task", "pk": 17, "fields": {"title": "Setup CI/CD Pipeline", "description": "Configure automated testing and deployment workflow.", "status": "In Progress", "priority": "1", "project": 4, "created_by": 1}}, {"model": "tasks.task", "pk": 18, "fields": {"title": "Setup CI/CD Pipeline", "description": "Configure automated testing and deployment workflow.", "status": "In Progress", "priority": "1", "project": 4, "created_by": 1}}, {"model": "tasks.task", "pk": 19, "fields": {"title": "Setup CI/CD Pipeline", "description": "Configure automated testing and deployment workflow.", "status": "In Progress", "priority": "1", "project": 4, "created_by": 1}}, {"model": "tasks.task", "pk": 20, "fields": {"title": "Setup CI/CD Pipeline", "description": "Configure automated testing and deployment workflow.", "status": "In Progress", "priority": "1", "project": 1, "created_by": 1}}, {"model": "tasks.task", "pk": 21, "fields": {"title": "Setup CI/CD Pipeline", "description": "Configure automated testing and deployment workflow.", "status": "In Progress", "priority": "1", "project": 1, "created_by": 1}}]
